date_key,full_date,day,month,quarter,year,day_of_week,is_weekend
20141201,2014-12-01,1,12,4,2014,Monday,False
20141202,2014-12-02,2,12,4,2014,Tuesday,False
20141203,2014-12-03,3,12,4,2014,Wednesday,False
20141204,2014-12-04,4,12,4,2014,Thursday,False
20141205,2014-12-05,5,12,4,2014,Friday,False
20141206,2014-12-06,6,12,4,2014,Saturday,True
20141207,2014-12-07,7,12,4,2014,Sunday,True
20141208,2014-12-08,8,12,4,2014,Monday,False
20141209,2014-12-09,9,12,4,2014,Tuesday,False
20141210,2014-12-10,10,12,4,2014,Wednesday,False
20141211,2014-12-11,11,12,4,2014,Thursday,False
20141212,2014-12-12,12,12,4,2014,Friday,False
20141213,2014-12-13,13,12,4,2014,Saturday,True
20141214,2014-12-14,14,12,4,2014,Sunday,True
20141215,2014-12-15,15,12,4,2014,Monday,False
20141216,2014-12-16,16,12,4,2014,Tuesday,False
20141217,2014-12-17,17,12,4,2014,Wednesday,False
20141218,2014-12-18,18,12,4,2014,Thursday,False
20141219,2014-12-19,19,12,4,2014,Friday,False
20141220,2014-12-20,20,12,4,2014,Saturday,True
20141221,2014-12-21,21,12,4,2014,Sunday,True
20141222,2014-12-22,22,12,4,2014,Monday,False
20141223,2014-12-23,23,12,4,2014,Tuesday,False
20141224,2014-12-24,24,12,4,2014,Wednesday,False
20141225,2014-12-25,25,12,4,2014,Thursday,False
20141226,2014-12-26,26,12,4,2014,Friday,False
20141227,2014-12-27,27,12,4,2014,Saturday,True
20141228,2014-12-28,28,12,4,2014,Sunday,True
20141229,2014-12-29,29,12,4,2014,Monday,False
20141230,2014-12-30,30,12,4,2014,Tuesday,False
20141231,2014-12-31,31,12,4,2014,Wednesday,False
20150101,2015-01-01,1,1,1,2015,Thursday,False
20150102,2015-01-02,2,1,1,2015,Friday,False
20150103,2015-01-03,3,1,1,2015,Saturday,True
20150104,2015-01-04,4,1,1,2015,Sunday,True
20150105,2015-01-05,5,1,1,2015,Monday,False
20150106,2015-01-06,6,1,1,2015,Tuesday,False
20150107,2015-01-07,7,1,1,2015,Wednesday,False
20150108,2015-01-08,8,1,1,2015,Thursday,False
20150109,2015-01-09,9,1,1,2015,Friday,False
20150110,2015-01-10,10,1,1,2015,Saturday,True
20150111,2015-01-11,11,1,1,2015,Sunday,True
20150112,2015-01-12,12,1,1,2015,Monday,False
20150113,2015-01-13,13,1,1,2015,Tuesday,False
20150114,2015-01-14,14,1,1,2015,Wednesday,False
20150115,2015-01-15,15,1,1,2015,Thursday,False
20150116,2015-01-16,16,1,1,2015,Friday,False
20150117,2015-01-17,17,1,1,2015,Saturday,True
20150118,2015-01-18,18,1,1,2015,Sunday,True
20150119,2015-01-19,19,1,1,2015,Monday,False
20150120,2015-01-20,20,1,1,2015,Tuesday,False
20150121,2015-01-21,21,1,1,2015,Wednesday,False
20150122,2015-01-22,22,1,1,2015,Thursday,False
20150123,2015-01-23,23,1,1,2015,Friday,False
20150124,2015-01-24,24,1,1,2015,Saturday,True
20150125,2015-01-25,25,1,1,2015,Sunday,True
20150126,2015-01-26,26,1,1,2015,Monday,False
20150127,2015-01-27,27,1,1,2015,Tuesday,False
20150128,2015-01-28,28,1,1,2015,Wednesday,False
20150129,2015-01-29,29,1,1,2015,Thursday,False
20150130,2015-01-30,30,1,1,2015,Friday,False
20150131,2015-01-31,31,1,1,2015,Saturday,True
20150201,2015-02-01,1,2,1,2015,Sunday,True
20150202,2015-02-02,2,2,1,2015,Monday,False
20150203,2015-02-03,3,2,1,2015,Tuesday,False
20150204,2015-02-04,4,2,1,2015,Wednesday,False
20150205,2015-02-05,5,2,1,2015,Thursday,False
20150206,2015-02-06,6,2,1,2015,Friday,False
20150207,2015-02-07,7,2,1,2015,Saturday,True
20150208,2015-02-08,8,2,1,2015,Sunday,True
20150209,2015-02-09,9,2,1,2015,Monday,False
20150210,2015-02-10,10,2,1,2015,Tuesday,False
20150211,2015-02-11,11,2,1,2015,Wednesday,False
20150212,2015-02-12,12,2,1,2015,Thursday,False
20150213,2015-02-13,13,2,1,2015,Friday,False
20150214,2015-02-14,14,2,1,2015,Saturday,True
20150215,2015-02-15,15,2,1,2015,Sunday,True
20150216,2015-02-16,16,2,1,2015,Monday,False
20150217,2015-02-17,17,2,1,2015,Tuesday,False
20150218,2015-02-18,18,2,1,2015,Wednesday,False
20150219,2015-02-19,19,2,1,2015,Thursday,False
20150220,2015-02-20,20,2,1,2015,Friday,False
20150221,2015-02-21,21,2,1,2015,Saturday,True
20150222,2015-02-22,22,2,1,2015,Sunday,True
20150223,2015-02-23,23,2,1,2015,Monday,False
20150224,2015-02-24,24,2,1,2015,Tuesday,False
20150225,2015-02-25,25,2,1,2015,Wednesday,False
20150226,2015-02-26,26,2,1,2015,Thursday,False
20150227,2015-02-27,27,2,1,2015,Friday,False
20150228,2015-02-28,28,2,1,2015,Saturday,True
20150301,2015-03-01,1,3,1,2015,Sunday,True
20150302,2015-03-02,2,3,1,2015,Monday,False
20150303,2015-03-03,3,3,1,2015,Tuesday,False
20150304,2015-03-04,4,3,1,2015,Wednesday,False
20150305,2015-03-05,5,3,1,2015,Thursday,False
20150306,2015-03-06,6,3,1,2015,Friday,False
20150307,2015-03-07,7,3,1,2015,Saturday,True
20150308,2015-03-08,8,3,1,2015,Sunday,True
20150309,2015-03-09,9,3,1,2015,Monday,False
20150310,2015-03-10,10,3,1,2015,Tuesday,False
20150311,2015-03-11,11,3,1,2015,Wednesday,False
20150312,2015-03-12,12,3,1,2015,Thursday,False
20150313,2015-03-13,13,3,1,2015,Friday,False
20150314,2015-03-14,14,3,1,2015,Saturday,True
20150315,2015-03-15,15,3,1,2015,Sunday,True
20150316,2015-03-16,16,3,1,2015,Monday,False
20150317,2015-03-17,17,3,1,2015,Tuesday,False
20150318,2015-03-18,18,3,1,2015,Wednesday,False
20150319,2015-03-19,19,3,1,2015,Thursday,False
20150320,2015-03-20,20,3,1,2015,Friday,False
20150321,2015-03-21,21,3,1,2015,Saturday,True
20150322,2015-03-22,22,3,1,2015,Sunday,True
20150323,2015-03-23,23,3,1,2015,Monday,False
20150324,2015-03-24,24,3,1,2015,Tuesday,False
20150325,2015-03-25,25,3,1,2015,Wednesday,False
20150326,2015-03-26,26,3,1,2015,Thursday,False
20150327,2015-03-27,27,3,1,2015,Friday,False
20150328,2015-03-28,28,3,1,2015,Saturday,True
20150329,2015-03-29,29,3,1,2015,Sunday,True
20150330,2015-03-30,30,3,1,2015,Monday,False
20150331,2015-03-31,31,3,1,2015,Tuesday,False
20150401,2015-04-01,1,4,2,2015,Wednesday,False
20150402,2015-04-02,2,4,2,2015,Thursday,False
20150403,2015-04-03,3,4,2,2015,Friday,False
20150404,2015-04-04,4,4,2,2015,Saturday,True
20150405,2015-04-05,5,4,2,2015,Sunday,True
20150406,2015-04-06,6,4,2,2015,Monday,False
20150407,2015-04-07,7,4,2,2015,Tuesday,False
20150408,2015-04-08,8,4,2,2015,Wednesday,False
20150409,2015-04-09,9,4,2,2015,Thursday,False
20150410,2015-04-10,10,4,2,2015,Friday,False
20150411,2015-04-11,11,4,2,2015,Saturday,True
20150412,2015-04-12,12,4,2,2015,Sunday,True
20150413,2015-04-13,13,4,2,2015,Monday,False
20150414,2015-04-14,14,4,2,2015,Tuesday,False
20150415,2015-04-15,15,4,2,2015,Wednesday,False
20150416,2015-04-16,16,4,2,2015,Thursday,False
20150417,2015-04-17,17,4,2,2015,Friday,False
20150418,2015-04-18,18,4,2,2015,Saturday,True
20150419,2015-04-19,19,4,2,2015,Sunday,True
20150420,2015-04-20,20,4,2,2015,Monday,False
20150421,2015-04-21,21,4,2,2015,Tuesday,False
20150422,2015-04-22,22,4,2,2015,Wednesday,False
20150423,2015-04-23,23,4,2,2015,Thursday,False
20150424,2015-04-24,24,4,2,2015,Friday,False
20150425,2015-04-25,25,4,2,2015,Saturday,True
20150426,2015-04-26,26,4,2,2015,Sunday,True
20150427,2015-04-27,27,4,2,2015,Monday,False
20150428,2015-04-28,28,4,2,2015,Tuesday,False
20150429,2015-04-29,29,4,2,2015,Wednesday,False
20150430,2015-04-30,30,4,2,2015,Thursday,False
20150501,2015-05-01,1,5,2,2015,Friday,False
20150502,2015-05-02,2,5,2,2015,Saturday,True
20150503,2015-05-03,3,5,2,2015,Sunday,True
20150504,2015-05-04,4,5,2,2015,Monday,False
20150505,2015-05-05,5,5,2,2015,Tuesday,False
20150506,2015-05-06,6,5,2,2015,Wednesday,False
20150507,2015-05-07,7,5,2,2015,Thursday,False
20150508,2015-05-08,8,5,2,2015,Friday,False
20150509,2015-05-09,9,5,2,2015,Saturday,True
20150510,2015-05-10,10,5,2,2015,Sunday,True
20150511,2015-05-11,11,5,2,2015,Monday,False
20150512,2015-05-12,12,5,2,2015,Tuesday,False
20150513,2015-05-13,13,5,2,2015,Wednesday,False
20150514,2015-05-14,14,5,2,2015,Thursday,False
20150515,2015-05-15,15,5,2,2015,Friday,False
20150516,2015-05-16,16,5,2,2015,Saturday,True
20150517,2015-05-17,17,5,2,2015,Sunday,True
20150518,2015-05-18,18,5,2,2015,Monday,False
20150519,2015-05-19,19,5,2,2015,Tuesday,False
20150520,2015-05-20,20,5,2,2015,Wednesday,False
20150521,2015-05-21,21,5,2,2015,Thursday,False
20150522,2015-05-22,22,5,2,2015,Friday,False
20150523,2015-05-23,23,5,2,2015,Saturday,True
20150524,2015-05-24,24,5,2,2015,Sunday,True
20150525,2015-05-25,25,5,2,2015,Monday,False
20150526,2015-05-26,26,5,2,2015,Tuesday,False
20150527,2015-05-27,27,5,2,2015,Wednesday,False
20150528,2015-05-28,28,5,2,2015,Thursday,False
20150529,2015-05-29,29,5,2,2015,Friday,False
20150530,2015-05-30,30,5,2,2015,Saturday,True
20150531,2015-05-31,31,5,2,2015,Sunday,True
20150601,2015-06-01,1,6,2,2015,Monday,False
20150602,2015-06-02,2,6,2,2015,Tuesday,False
20150603,2015-06-03,3,6,2,2015,Wednesday,False
20150604,2015-06-04,4,6,2,2015,Thursday,False
20150605,2015-06-05,5,6,2,2015,Friday,False
20150606,2015-06-06,6,6,2,2015,Saturday,True
20150607,2015-06-07,7,6,2,2015,Sunday,True
20150608,2015-06-08,8,6,2,2015,Monday,False
20150609,2015-06-09,9,6,2,2015,Tuesday,False
20150610,2015-06-10,10,6,2,2015,Wednesday,False
20150611,2015-06-11,11,6,2,2015,Thursday,False
20150612,2015-06-12,12,6,2,2015,Friday,False
20150613,2015-06-13,13,6,2,2015,Saturday,True
20150614,2015-06-14,14,6,2,2015,Sunday,True
20150615,2015-06-15,15,6,2,2015,Monday,False
20150616,2015-06-16,16,6,2,2015,Tuesday,False
20150617,2015-06-17,17,6,2,2015,Wednesday,False
20150618,2015-06-18,18,6,2,2015,Thursday,False
20150619,2015-06-19,19,6,2,2015,Friday,False
20150620,2015-06-20,20,6,2,2015,Saturday,True
20150621,2015-06-21,21,6,2,2015,Sunday,True
20150622,2015-06-22,22,6,2,2015,Monday,False
20150623,2015-06-23,23,6,2,2015,Tuesday,False
20150624,2015-06-24,24,6,2,2015,Wednesday,False
20150625,2015-06-25,25,6,2,2015,Thursday,False
20150626,2015-06-26,26,6,2,2015,Friday,False
20150627,2015-06-27,27,6,2,2015,Saturday,True
20150628,2015-06-28,28,6,2,2015,Sunday,True
20150629,2015-06-29,29,6,2,2015,Monday,False
20150630,2015-06-30,30,6,2,2015,Tuesday,False
20150701,2015-07-01,1,7,3,2015,Wednesday,False
20150702,2015-07-02,2,7,3,2015,Thursday,False
20150703,2015-07-03,3,7,3,2015,Friday,False
20150704,2015-07-04,4,7,3,2015,Saturday,True
20150705,2015-07-05,5,7,3,2015,Sunday,True
20150706,2015-07-06,6,7,3,2015,Monday,False
20150707,2015-07-07,7,7,3,2015,Tuesday,False
20150708,2015-07-08,8,7,3,2015,Wednesday,False
20150709,2015-07-09,9,7,3,2015,Thursday,False
20150710,2015-07-10,10,7,3,2015,Friday,False
20150711,2015-07-11,11,7,3,2015,Saturday,True
20150712,2015-07-12,12,7,3,2015,Sunday,True
20150713,2015-07-13,13,7,3,2015,Monday,False
20150714,2015-07-14,14,7,3,2015,Tuesday,False
20150715,2015-07-15,15,7,3,2015,Wednesday,False
20150716,2015-07-16,16,7,3,2015,Thursday,False
20150717,2015-07-17,17,7,3,2015,Friday,False
20150718,2015-07-18,18,7,3,2015,Saturday,True
20150719,2015-07-19,19,7,3,2015,Sunday,True
20150720,2015-07-20,20,7,3,2015,Monday,False
20150721,2015-07-21,21,7,3,2015,Tuesday,False
20150722,2015-07-22,22,7,3,2015,Wednesday,False
20150723,2015-07-23,23,7,3,2015,Thursday,False
20150724,2015-07-24,24,7,3,2015,Friday,False
20150725,2015-07-25,25,7,3,2015,Saturday,True
20150726,2015-07-26,26,7,3,2015,Sunday,True
20150727,2015-07-27,27,7,3,2015,Monday,False
20150728,2015-07-28,28,7,3,2015,Tuesday,False
20150729,2015-07-29,29,7,3,2015,Wednesday,False
20150730,2015-07-30,30,7,3,2015,Thursday,False
20150731,2015-07-31,31,7,3,2015,Friday,False
20150801,2015-08-01,1,8,3,2015,Saturday,True
20150802,2015-08-02,2,8,3,2015,Sunday,True
20150803,2015-08-03,3,8,3,2015,Monday,False
20150804,2015-08-04,4,8,3,2015,Tuesday,False
20150805,2015-08-05,5,8,3,2015,Wednesday,False
20150806,2015-08-06,6,8,3,2015,Thursday,False
20150807,2015-08-07,7,8,3,2015,Friday,False
20150808,2015-08-08,8,8,3,2015,Saturday,True
20150809,2015-08-09,9,8,3,2015,Sunday,True
20150810,2015-08-10,10,8,3,2015,Monday,False
20150811,2015-08-11,11,8,3,2015,Tuesday,False
20150812,2015-08-12,12,8,3,2015,Wednesday,False
20150813,2015-08-13,13,8,3,2015,Thursday,False
20150814,2015-08-14,14,8,3,2015,Friday,False
20150815,2015-08-15,15,8,3,2015,Saturday,True
20150816,2015-08-16,16,8,3,2015,Sunday,True
20150817,2015-08-17,17,8,3,2015,Monday,False
20150818,2015-08-18,18,8,3,2015,Tuesday,False
20150819,2015-08-19,19,8,3,2015,Wednesday,False
20150820,2015-08-20,20,8,3,2015,Thursday,False
20150821,2015-08-21,21,8,3,2015,Friday,False
20150822,2015-08-22,22,8,3,2015,Saturday,True
20150823,2015-08-23,23,8,3,2015,Sunday,True
20150824,2015-08-24,24,8,3,2015,Monday,False
20150825,2015-08-25,25,8,3,2015,Tuesday,False
20150826,2015-08-26,26,8,3,2015,Wednesday,False
20150827,2015-08-27,27,8,3,2015,Thursday,False
20150828,2015-08-28,28,8,3,2015,Friday,False
20150829,2015-08-29,29,8,3,2015,Saturday,True
20150830,2015-08-30,30,8,3,2015,Sunday,True
20150831,2015-08-31,31,8,3,2015,Monday,False
20150901,2015-09-01,1,9,3,2015,Tuesday,False
20150902,2015-09-02,2,9,3,2015,Wednesday,False
20150903,2015-09-03,3,9,3,2015,Thursday,False
20150904,2015-09-04,4,9,3,2015,Friday,False
20150905,2015-09-05,5,9,3,2015,Saturday,True
20150906,2015-09-06,6,9,3,2015,Sunday,True
20150907,2015-09-07,7,9,3,2015,Monday,False
20150908,2015-09-08,8,9,3,2015,Tuesday,False
20150909,2015-09-09,9,9,3,2015,Wednesday,False
20150910,2015-09-10,10,9,3,2015,Thursday,False
20150911,2015-09-11,11,9,3,2015,Friday,False
20150912,2015-09-12,12,9,3,2015,Saturday,True
20150913,2015-09-13,13,9,3,2015,Sunday,True
20150914,2015-09-14,14,9,3,2015,Monday,False
20150915,2015-09-15,15,9,3,2015,Tuesday,False
20150916,2015-09-16,16,9,3,2015,Wednesday,False
20150917,2015-09-17,17,9,3,2015,Thursday,False
20150918,2015-09-18,18,9,3,2015,Friday,False
20150919,2015-09-19,19,9,3,2015,Saturday,True
20150920,2015-09-20,20,9,3,2015,Sunday,True
20150921,2015-09-21,21,9,3,2015,Monday,False
20150922,2015-09-22,22,9,3,2015,Tuesday,False
20150923,2015-09-23,23,9,3,2015,Wednesday,False
20150924,2015-09-24,24,9,3,2015,Thursday,False
20150925,2015-09-25,25,9,3,2015,Friday,False
20150926,2015-09-26,26,9,3,2015,Saturday,True
20150927,2015-09-27,27,9,3,2015,Sunday,True
20150928,2015-09-28,28,9,3,2015,Monday,False
20150929,2015-09-29,29,9,3,2015,Tuesday,False
20150930,2015-09-30,30,9,3,2015,Wednesday,False
20151001,2015-10-01,1,10,4,2015,Thursday,False
20151002,2015-10-02,2,10,4,2015,Friday,False
20151003,2015-10-03,3,10,4,2015,Saturday,True
20151004,2015-10-04,4,10,4,2015,Sunday,True
20151005,2015-10-05,5,10,4,2015,Monday,False
20151006,2015-10-06,6,10,4,2015,Tuesday,False
20151007,2015-10-07,7,10,4,2015,Wednesday,False
20151008,2015-10-08,8,10,4,2015,Thursday,False
20151009,2015-10-09,9,10,4,2015,Friday,False
20151010,2015-10-10,10,10,4,2015,Saturday,True
20151011,2015-10-11,11,10,4,2015,Sunday,True
20151012,2015-10-12,12,10,4,2015,Monday,False
20151013,2015-10-13,13,10,4,2015,Tuesday,False
20151014,2015-10-14,14,10,4,2015,Wednesday,False
20151015,2015-10-15,15,10,4,2015,Thursday,False
20151016,2015-10-16,16,10,4,2015,Friday,False
20151017,2015-10-17,17,10,4,2015,Saturday,True
20151018,2015-10-18,18,10,4,2015,Sunday,True
20151019,2015-10-19,19,10,4,2015,Monday,False
20151020,2015-10-20,20,10,4,2015,Tuesday,False
20151021,2015-10-21,21,10,4,2015,Wednesday,False
20151022,2015-10-22,22,10,4,2015,Thursday,False
20151023,2015-10-23,23,10,4,2015,Friday,False
20151024,2015-10-24,24,10,4,2015,Saturday,True
20151025,2015-10-25,25,10,4,2015,Sunday,True
20151026,2015-10-26,26,10,4,2015,Monday,False
20151027,2015-10-27,27,10,4,2015,Tuesday,False
20151028,2015-10-28,28,10,4,2015,Wednesday,False
20151029,2015-10-29,29,10,4,2015,Thursday,False
20151030,2015-10-30,30,10,4,2015,Friday,False
20151031,2015-10-31,31,10,4,2015,Saturday,True
20151101,2015-11-01,1,11,4,2015,Sunday,True
20151102,2015-11-02,2,11,4,2015,Monday,False
20151103,2015-11-03,3,11,4,2015,Tuesday,False
20151104,2015-11-04,4,11,4,2015,Wednesday,False
20151105,2015-11-05,5,11,4,2015,Thursday,False
20151106,2015-11-06,6,11,4,2015,Friday,False
20151107,2015-11-07,7,11,4,2015,Saturday,True
20151108,2015-11-08,8,11,4,2015,Sunday,True
20151109,2015-11-09,9,11,4,2015,Monday,False
20151110,2015-11-10,10,11,4,2015,Tuesday,False
20151111,2015-11-11,11,11,4,2015,Wednesday,False
20151112,2015-11-12,12,11,4,2015,Thursday,False
20151113,2015-11-13,13,11,4,2015,Friday,False
20151114,2015-11-14,14,11,4,2015,Saturday,True
20151115,2015-11-15,15,11,4,2015,Sunday,True
20151116,2015-11-16,16,11,4,2015,Monday,False
20151117,2015-11-17,17,11,4,2015,Tuesday,False
20151118,2015-11-18,18,11,4,2015,Wednesday,False
20151119,2015-11-19,19,11,4,2015,Thursday,False
20151120,2015-11-20,20,11,4,2015,Friday,False
20151121,2015-11-21,21,11,4,2015,Saturday,True
20151122,2015-11-22,22,11,4,2015,Sunday,True
20151123,2015-11-23,23,11,4,2015,Monday,False
20151124,2015-11-24,24,11,4,2015,Tuesday,False
20151125,2015-11-25,25,11,4,2015,Wednesday,False
20151126,2015-11-26,26,11,4,2015,Thursday,False
20151127,2015-11-27,27,11,4,2015,Friday,False
20151128,2015-11-28,28,11,4,2015,Saturday,True
20151129,2015-11-29,29,11,4,2015,Sunday,True
20151130,2015-11-30,30,11,4,2015,Monday,False
20151201,2015-12-01,1,12,4,2015,Tuesday,False
20151202,2015-12-02,2,12,4,2015,Wednesday,False
20151203,2015-12-03,3,12,4,2015,Thursday,False
20151204,2015-12-04,4,12,4,2015,Friday,False
20151205,2015-12-05,5,12,4,2015,Saturday,True
20151206,2015-12-06,6,12,4,2015,Sunday,True
20151207,2015-12-07,7,12,4,2015,Monday,False
20151208,2015-12-08,8,12,4,2015,Tuesday,False
20151209,2015-12-09,9,12,4,2015,Wednesday,False
20151210,2015-12-10,10,12,4,2015,Thursday,False
20151211,2015-12-11,11,12,4,2015,Friday,False
20151212,2015-12-12,12,12,4,2015,Saturday,True
20151213,2015-12-13,13,12,4,2015,Sunday,True
20151214,2015-12-14,14,12,4,2015,Monday,False
20151215,2015-12-15,15,12,4,2015,Tuesday,False
20151216,2015-12-16,16,12,4,2015,Wednesday,False
20151217,2015-12-17,17,12,4,2015,Thursday,False
20151218,2015-12-18,18,12,4,2015,Friday,False
20151219,2015-12-19,19,12,4,2015,Saturday,True
20151220,2015-12-20,20,12,4,2015,Sunday,True
20151221,2015-12-21,21,12,4,2015,Monday,False
20151222,2015-12-22,22,12,4,2015,Tuesday,False
20151223,2015-12-23,23,12,4,2015,Wednesday,False
20151224,2015-12-24,24,12,4,2015,Thursday,False
20151225,2015-12-25,25,12,4,2015,Friday,False
20151226,2015-12-26,26,12,4,2015,Saturday,True
20151227,2015-12-27,27,12,4,2015,Sunday,True
20151228,2015-12-28,28,12,4,2015,Monday,False
20151229,2015-12-29,29,12,4,2015,Tuesday,False
20151230,2015-12-30,30,12,4,2015,Wednesday,False
20151231,2015-12-31,31,12,4,2015,Thursday,False
20160101,2016-01-01,1,1,1,2016,Friday,False
20160102,2016-01-02,2,1,1,2016,Saturday,True
20160103,2016-01-03,3,1,1,2016,Sunday,True
20160104,2016-01-04,4,1,1,2016,Monday,False
20160105,2016-01-05,5,1,1,2016,Tuesday,False
20160106,2016-01-06,6,1,1,2016,Wednesday,False
20160107,2016-01-07,7,1,1,2016,Thursday,False
20160108,2016-01-08,8,1,1,2016,Friday,False
20160109,2016-01-09,9,1,1,2016,Saturday,True
20160110,2016-01-10,10,1,1,2016,Sunday,True
20160111,2016-01-11,11,1,1,2016,Monday,False
20160112,2016-01-12,12,1,1,2016,Tuesday,False
20160113,2016-01-13,13,1,1,2016,Wednesday,False
20160114,2016-01-14,14,1,1,2016,Thursday,False
20160115,2016-01-15,15,1,1,2016,Friday,False
20160116,2016-01-16,16,1,1,2016,Saturday,True
20160117,2016-01-17,17,1,1,2016,Sunday,True
20160118,2016-01-18,18,1,1,2016,Monday,False
20160119,2016-01-19,19,1,1,2016,Tuesday,False
20160120,2016-01-20,20,1,1,2016,Wednesday,False
20160121,2016-01-21,21,1,1,2016,Thursday,False
20160122,2016-01-22,22,1,1,2016,Friday,False
20160123,2016-01-23,23,1,1,2016,Saturday,True
20160124,2016-01-24,24,1,1,2016,Sunday,True
20160125,2016-01-25,25,1,1,2016,Monday,False
20160126,2016-01-26,26,1,1,2016,Tuesday,False
20160127,2016-01-27,27,1,1,2016,Wednesday,False
20160128,2016-01-28,28,1,1,2016,Thursday,False
20160129,2016-01-29,29,1,1,2016,Friday,False
20160130,2016-01-30,30,1,1,2016,Saturday,True
20160131,2016-01-31,31,1,1,2016,Sunday,True
20160201,2016-02-01,1,2,1,2016,Monday,False
20160202,2016-02-02,2,2,1,2016,Tuesday,False
20160203,2016-02-03,3,2,1,2016,Wednesday,False
20160204,2016-02-04,4,2,1,2016,Thursday,False
20160205,2016-02-05,5,2,1,2016,Friday,False
20160206,2016-02-06,6,2,1,2016,Saturday,True
20160207,2016-02-07,7,2,1,2016,Sunday,True
20160208,2016-02-08,8,2,1,2016,Monday,False
20160209,2016-02-09,9,2,1,2016,Tuesday,False
20160210,2016-02-10,10,2,1,2016,Wednesday,False
20160211,2016-02-11,11,2,1,2016,Thursday,False
20160212,2016-02-12,12,2,1,2016,Friday,False
20160213,2016-02-13,13,2,1,2016,Saturday,True
20160214,2016-02-14,14,2,1,2016,Sunday,True
20160215,2016-02-15,15,2,1,2016,Monday,False
20160216,2016-02-16,16,2,1,2016,Tuesday,False
20160217,2016-02-17,17,2,1,2016,Wednesday,False
20160218,2016-02-18,18,2,1,2016,Thursday,False
20160219,2016-02-19,19,2,1,2016,Friday,False
20160220,2016-02-20,20,2,1,2016,Saturday,True
20160221,2016-02-21,21,2,1,2016,Sunday,True
20160222,2016-02-22,22,2,1,2016,Monday,False
20160223,2016-02-23,23,2,1,2016,Tuesday,False
20160224,2016-02-24,24,2,1,2016,Wednesday,False
20160225,2016-02-25,25,2,1,2016,Thursday,False
20160226,2016-02-26,26,2,1,2016,Friday,False
20160227,2016-02-27,27,2,1,2016,Saturday,True
20160228,2016-02-28,28,2,1,2016,Sunday,True
20160229,2016-02-29,29,2,1,2016,Monday,False
20160301,2016-03-01,1,3,1,2016,Tuesday,False
20160302,2016-03-02,2,3,1,2016,Wednesday,False
20160303,2016-03-03,3,3,1,2016,Thursday,False
20160304,2016-03-04,4,3,1,2016,Friday,False
20160305,2016-03-05,5,3,1,2016,Saturday,True
20160306,2016-03-06,6,3,1,2016,Sunday,True
20160307,2016-03-07,7,3,1,2016,Monday,False
20160308,2016-03-08,8,3,1,2016,Tuesday,False
20160309,2016-03-09,9,3,1,2016,Wednesday,False
20160310,2016-03-10,10,3,1,2016,Thursday,False
20160311,2016-03-11,11,3,1,2016,Friday,False
20160312,2016-03-12,12,3,1,2016,Saturday,True
20160313,2016-03-13,13,3,1,2016,Sunday,True
20160314,2016-03-14,14,3,1,2016,Monday,False
20160315,2016-03-15,15,3,1,2016,Tuesday,False
20160316,2016-03-16,16,3,1,2016,Wednesday,False
20160317,2016-03-17,17,3,1,2016,Thursday,False
20160318,2016-03-18,18,3,1,2016,Friday,False
20160319,2016-03-19,19,3,1,2016,Saturday,True
20160320,2016-03-20,20,3,1,2016,Sunday,True
20160321,2016-03-21,21,3,1,2016,Monday,False
20160322,2016-03-22,22,3,1,2016,Tuesday,False
20160323,2016-03-23,23,3,1,2016,Wednesday,False
20160324,2016-03-24,24,3,1,2016,Thursday,False
20160325,2016-03-25,25,3,1,2016,Friday,False
20160326,2016-03-26,26,3,1,2016,Saturday,True
20160327,2016-03-27,27,3,1,2016,Sunday,True
20160328,2016-03-28,28,3,1,2016,Monday,False
20160329,2016-03-29,29,3,1,2016,Tuesday,False
20160330,2016-03-30,30,3,1,2016,Wednesday,False
20160331,2016-03-31,31,3,1,2016,Thursday,False
20160401,2016-04-01,1,4,2,2016,Friday,False
20160402,2016-04-02,2,4,2,2016,Saturday,True
20160403,2016-04-03,3,4,2,2016,Sunday,True
20160404,2016-04-04,4,4,2,2016,Monday,False
20160405,2016-04-05,5,4,2,2016,Tuesday,False
20160406,2016-04-06,6,4,2,2016,Wednesday,False
20160407,2016-04-07,7,4,2,2016,Thursday,False
20160408,2016-04-08,8,4,2,2016,Friday,False
20160409,2016-04-09,9,4,2,2016,Saturday,True
20160410,2016-04-10,10,4,2,2016,Sunday,True
20160411,2016-04-11,11,4,2,2016,Monday,False
20160412,2016-04-12,12,4,2,2016,Tuesday,False
20160413,2016-04-13,13,4,2,2016,Wednesday,False
20160414,2016-04-14,14,4,2,2016,Thursday,False
20160415,2016-04-15,15,4,2,2016,Friday,False
20160416,2016-04-16,16,4,2,2016,Saturday,True
20160417,2016-04-17,17,4,2,2016,Sunday,True
20160418,2016-04-18,18,4,2,2016,Monday,False
20160419,2016-04-19,19,4,2,2016,Tuesday,False
20160420,2016-04-20,20,4,2,2016,Wednesday,False
20160421,2016-04-21,21,4,2,2016,Thursday,False
20160422,2016-04-22,22,4,2,2016,Friday,False
20160423,2016-04-23,23,4,2,2016,Saturday,True
20160424,2016-04-24,24,4,2,2016,Sunday,True
20160425,2016-04-25,25,4,2,2016,Monday,False
20160426,2016-04-26,26,4,2,2016,Tuesday,False
20160427,2016-04-27,27,4,2,2016,Wednesday,False
20160428,2016-04-28,28,4,2,2016,Thursday,False
20160429,2016-04-29,29,4,2,2016,Friday,False
20160430,2016-04-30,30,4,2,2016,Saturday,True
20160501,2016-05-01,1,5,2,2016,Sunday,True
20160502,2016-05-02,2,5,2,2016,Monday,False
20160503,2016-05-03,3,5,2,2016,Tuesday,False
20160504,2016-05-04,4,5,2,2016,Wednesday,False
20160505,2016-05-05,5,5,2,2016,Thursday,False
20160506,2016-05-06,6,5,2,2016,Friday,False
20160507,2016-05-07,7,5,2,2016,Saturday,True
20160508,2016-05-08,8,5,2,2016,Sunday,True
20160509,2016-05-09,9,5,2,2016,Monday,False
20160510,2016-05-10,10,5,2,2016,Tuesday,False
20160511,2016-05-11,11,5,2,2016,Wednesday,False
20160512,2016-05-12,12,5,2,2016,Thursday,False
20160513,2016-05-13,13,5,2,2016,Friday,False
20160514,2016-05-14,14,5,2,2016,Saturday,True
20160515,2016-05-15,15,5,2,2016,Sunday,True
20160516,2016-05-16,16,5,2,2016,Monday,False
20160517,2016-05-17,17,5,2,2016,Tuesday,False
20160518,2016-05-18,18,5,2,2016,Wednesday,False
20160519,2016-05-19,19,5,2,2016,Thursday,False
20160520,2016-05-20,20,5,2,2016,Friday,False
20160521,2016-05-21,21,5,2,2016,Saturday,True
20160522,2016-05-22,22,5,2,2016,Sunday,True
20160523,2016-05-23,23,5,2,2016,Monday,False
20160524,2016-05-24,24,5,2,2016,Tuesday,False
20160525,2016-05-25,25,5,2,2016,Wednesday,False
20160526,2016-05-26,26,5,2,2016,Thursday,False
20160527,2016-05-27,27,5,2,2016,Friday,False
20160528,2016-05-28,28,5,2,2016,Saturday,True
20160529,2016-05-29,29,5,2,2016,Sunday,True
20160530,2016-05-30,30,5,2,2016,Monday,False
20160531,2016-05-31,31,5,2,2016,Tuesday,False
20160601,2016-06-01,1,6,2,2016,Wednesday,False
20160602,2016-06-02,2,6,2,2016,Thursday,False
20160603,2016-06-03,3,6,2,2016,Friday,False
20160604,2016-06-04,4,6,2,2016,Saturday,True
20160605,2016-06-05,5,6,2,2016,Sunday,True
20160606,2016-06-06,6,6,2,2016,Monday,False
20160607,2016-06-07,7,6,2,2016,Tuesday,False
20160608,2016-06-08,8,6,2,2016,Wednesday,False
20160609,2016-06-09,9,6,2,2016,Thursday,False
20160610,2016-06-10,10,6,2,2016,Friday,False
20160611,2016-06-11,11,6,2,2016,Saturday,True
20160612,2016-06-12,12,6,2,2016,Sunday,True
20160613,2016-06-13,13,6,2,2016,Monday,False
20160614,2016-06-14,14,6,2,2016,Tuesday,False
20160615,2016-06-15,15,6,2,2016,Wednesday,False
20160616,2016-06-16,16,6,2,2016,Thursday,False
20160617,2016-06-17,17,6,2,2016,Friday,False
20160618,2016-06-18,18,6,2,2016,Saturday,True
20160619,2016-06-19,19,6,2,2016,Sunday,True
20160620,2016-06-20,20,6,2,2016,Monday,False
20160621,2016-06-21,21,6,2,2016,Tuesday,False
20160622,2016-06-22,22,6,2,2016,Wednesday,False
20160623,2016-06-23,23,6,2,2016,Thursday,False
20160624,2016-06-24,24,6,2,2016,Friday,False
20160625,2016-06-25,25,6,2,2016,Saturday,True
20160626,2016-06-26,26,6,2,2016,Sunday,True
20160627,2016-06-27,27,6,2,2016,Monday,False
20160628,2016-06-28,28,6,2,2016,Tuesday,False
20160629,2016-06-29,29,6,2,2016,Wednesday,False
20160630,2016-06-30,30,6,2,2016,Thursday,False
20160701,2016-07-01,1,7,3,2016,Friday,False
20160702,2016-07-02,2,7,3,2016,Saturday,True
20160703,2016-07-03,3,7,3,2016,Sunday,True
20160704,2016-07-04,4,7,3,2016,Monday,False
20160705,2016-07-05,5,7,3,2016,Tuesday,False
20160706,2016-07-06,6,7,3,2016,Wednesday,False
20160707,2016-07-07,7,7,3,2016,Thursday,False
20160708,2016-07-08,8,7,3,2016,Friday,False
20160709,2016-07-09,9,7,3,2016,Saturday,True
20160710,2016-07-10,10,7,3,2016,Sunday,True
20160711,2016-07-11,11,7,3,2016,Monday,False
20160712,2016-07-12,12,7,3,2016,Tuesday,False
20160713,2016-07-13,13,7,3,2016,Wednesday,False
20160714,2016-07-14,14,7,3,2016,Thursday,False
20160715,2016-07-15,15,7,3,2016,Friday,False
20160716,2016-07-16,16,7,3,2016,Saturday,True
20160717,2016-07-17,17,7,3,2016,Sunday,True
20160718,2016-07-18,18,7,3,2016,Monday,False
20160719,2016-07-19,19,7,3,2016,Tuesday,False
20160720,2016-07-20,20,7,3,2016,Wednesday,False
20160721,2016-07-21,21,7,3,2016,Thursday,False
20160722,2016-07-22,22,7,3,2016,Friday,False
20160723,2016-07-23,23,7,3,2016,Saturday,True
20160724,2016-07-24,24,7,3,2016,Sunday,True
20160725,2016-07-25,25,7,3,2016,Monday,False
20160726,2016-07-26,26,7,3,2016,Tuesday,False
20160727,2016-07-27,27,7,3,2016,Wednesday,False
20160728,2016-07-28,28,7,3,2016,Thursday,False
20160729,2016-07-29,29,7,3,2016,Friday,False
20160730,2016-07-30,30,7,3,2016,Saturday,True
20160731,2016-07-31,31,7,3,2016,Sunday,True
20160801,2016-08-01,1,8,3,2016,Monday,False
20160802,2016-08-02,2,8,3,2016,Tuesday,False
20160803,2016-08-03,3,8,3,2016,Wednesday,False
20160804,2016-08-04,4,8,3,2016,Thursday,False
20160805,2016-08-05,5,8,3,2016,Friday,False
20160806,2016-08-06,6,8,3,2016,Saturday,True
20160807,2016-08-07,7,8,3,2016,Sunday,True
20160808,2016-08-08,8,8,3,2016,Monday,False
20160809,2016-08-09,9,8,3,2016,Tuesday,False
20160810,2016-08-10,10,8,3,2016,Wednesday,False
20160811,2016-08-11,11,8,3,2016,Thursday,False
20160812,2016-08-12,12,8,3,2016,Friday,False
20160813,2016-08-13,13,8,3,2016,Saturday,True
20160814,2016-08-14,14,8,3,2016,Sunday,True
20160815,2016-08-15,15,8,3,2016,Monday,False
20160816,2016-08-16,16,8,3,2016,Tuesday,False
20160817,2016-08-17,17,8,3,2016,Wednesday,False
20160818,2016-08-18,18,8,3,2016,Thursday,False
20160819,2016-08-19,19,8,3,2016,Friday,False
20160820,2016-08-20,20,8,3,2016,Saturday,True
20160821,2016-08-21,21,8,3,2016,Sunday,True
20160822,2016-08-22,22,8,3,2016,Monday,False
20160823,2016-08-23,23,8,3,2016,Tuesday,False
20160824,2016-08-24,24,8,3,2016,Wednesday,False
20160825,2016-08-25,25,8,3,2016,Thursday,False
20160826,2016-08-26,26,8,3,2016,Friday,False
20160827,2016-08-27,27,8,3,2016,Saturday,True
20160828,2016-08-28,28,8,3,2016,Sunday,True
20160829,2016-08-29,29,8,3,2016,Monday,False
20160830,2016-08-30,30,8,3,2016,Tuesday,False
20160831,2016-08-31,31,8,3,2016,Wednesday,False
20160901,2016-09-01,1,9,3,2016,Thursday,False
20160902,2016-09-02,2,9,3,2016,Friday,False
20160903,2016-09-03,3,9,3,2016,Saturday,True
20160904,2016-09-04,4,9,3,2016,Sunday,True
20160905,2016-09-05,5,9,3,2016,Monday,False
20160906,2016-09-06,6,9,3,2016,Tuesday,False
20160907,2016-09-07,7,9,3,2016,Wednesday,False
20160908,2016-09-08,8,9,3,2016,Thursday,False
20160909,2016-09-09,9,9,3,2016,Friday,False
20160910,2016-09-10,10,9,3,2016,Saturday,True
20160911,2016-09-11,11,9,3,2016,Sunday,True
20160912,2016-09-12,12,9,3,2016,Monday,False
20160913,2016-09-13,13,9,3,2016,Tuesday,False
20160914,2016-09-14,14,9,3,2016,Wednesday,False
20160915,2016-09-15,15,9,3,2016,Thursday,False
20160916,2016-09-16,16,9,3,2016,Friday,False
20160917,2016-09-17,17,9,3,2016,Saturday,True
20160918,2016-09-18,18,9,3,2016,Sunday,True
20160919,2016-09-19,19,9,3,2016,Monday,False
20160920,2016-09-20,20,9,3,2016,Tuesday,False
20160921,2016-09-21,21,9,3,2016,Wednesday,False
20160922,2016-09-22,22,9,3,2016,Thursday,False
20160923,2016-09-23,23,9,3,2016,Friday,False
20160924,2016-09-24,24,9,3,2016,Saturday,True
20160925,2016-09-25,25,9,3,2016,Sunday,True
20160926,2016-09-26,26,9,3,2016,Monday,False
20160927,2016-09-27,27,9,3,2016,Tuesday,False
20160928,2016-09-28,28,9,3,2016,Wednesday,False
20160929,2016-09-29,29,9,3,2016,Thursday,False
20160930,2016-09-30,30,9,3,2016,Friday,False
20161001,2016-10-01,1,10,4,2016,Saturday,True
20161002,2016-10-02,2,10,4,2016,Sunday,True
20161003,2016-10-03,3,10,4,2016,Monday,False
20161004,2016-10-04,4,10,4,2016,Tuesday,False
20161005,2016-10-05,5,10,4,2016,Wednesday,False
20161006,2016-10-06,6,10,4,2016,Thursday,False
20161007,2016-10-07,7,10,4,2016,Friday,False
20161008,2016-10-08,8,10,4,2016,Saturday,True
20161009,2016-10-09,9,10,4,2016,Sunday,True
20161010,2016-10-10,10,10,4,2016,Monday,False
20161011,2016-10-11,11,10,4,2016,Tuesday,False
20161012,2016-10-12,12,10,4,2016,Wednesday,False
20161013,2016-10-13,13,10,4,2016,Thursday,False
20161014,2016-10-14,14,10,4,2016,Friday,False
20161015,2016-10-15,15,10,4,2016,Saturday,True
20161016,2016-10-16,16,10,4,2016,Sunday,True
20161017,2016-10-17,17,10,4,2016,Monday,False
20161018,2016-10-18,18,10,4,2016,Tuesday,False
20161019,2016-10-19,19,10,4,2016,Wednesday,False
20161020,2016-10-20,20,10,4,2016,Thursday,False
20161021,2016-10-21,21,10,4,2016,Friday,False
20161022,2016-10-22,22,10,4,2016,Saturday,True
20161023,2016-10-23,23,10,4,2016,Sunday,True
20161024,2016-10-24,24,10,4,2016,Monday,False
20161025,2016-10-25,25,10,4,2016,Tuesday,False
20161026,2016-10-26,26,10,4,2016,Wednesday,False
20161027,2016-10-27,27,10,4,2016,Thursday,False
20161028,2016-10-28,28,10,4,2016,Friday,False
20161029,2016-10-29,29,10,4,2016,Saturday,True
20161030,2016-10-30,30,10,4,2016,Sunday,True
20161031,2016-10-31,31,10,4,2016,Monday,False
20161101,2016-11-01,1,11,4,2016,Tuesday,False
20161102,2016-11-02,2,11,4,2016,Wednesday,False
20161103,2016-11-03,3,11,4,2016,Thursday,False
20161104,2016-11-04,4,11,4,2016,Friday,False
20161105,2016-11-05,5,11,4,2016,Saturday,True
20161106,2016-11-06,6,11,4,2016,Sunday,True
20161107,2016-11-07,7,11,4,2016,Monday,False
20161108,2016-11-08,8,11,4,2016,Tuesday,False
20161109,2016-11-09,9,11,4,2016,Wednesday,False
20161110,2016-11-10,10,11,4,2016,Thursday,False
20161111,2016-11-11,11,11,4,2016,Friday,False
20161112,2016-11-12,12,11,4,2016,Saturday,True
20161113,2016-11-13,13,11,4,2016,Sunday,True
20161114,2016-11-14,14,11,4,2016,Monday,False
20161115,2016-11-15,15,11,4,2016,Tuesday,False
20161116,2016-11-16,16,11,4,2016,Wednesday,False
20161117,2016-11-17,17,11,4,2016,Thursday,False
20161118,2016-11-18,18,11,4,2016,Friday,False
20161119,2016-11-19,19,11,4,2016,Saturday,True
20161120,2016-11-20,20,11,4,2016,Sunday,True
20161121,2016-11-21,21,11,4,2016,Monday,False
20161122,2016-11-22,22,11,4,2016,Tuesday,False
20161123,2016-11-23,23,11,4,2016,Wednesday,False
20161124,2016-11-24,24,11,4,2016,Thursday,False
20161125,2016-11-25,25,11,4,2016,Friday,False
20161126,2016-11-26,26,11,4,2016,Saturday,True
20161127,2016-11-27,27,11,4,2016,Sunday,True
20161128,2016-11-28,28,11,4,2016,Monday,False
20161129,2016-11-29,29,11,4,2016,Tuesday,False
20161130,2016-11-30,30,11,4,2016,Wednesday,False
20161201,2016-12-01,1,12,4,2016,Thursday,False
20161202,2016-12-02,2,12,4,2016,Friday,False
20161203,2016-12-03,3,12,4,2016,Saturday,True
20161204,2016-12-04,4,12,4,2016,Sunday,True
20161205,2016-12-05,5,12,4,2016,Monday,False
20161206,2016-12-06,6,12,4,2016,Tuesday,False
20161207,2016-12-07,7,12,4,2016,Wednesday,False
20161208,2016-12-08,8,12,4,2016,Thursday,False
20161209,2016-12-09,9,12,4,2016,Friday,False
20161210,2016-12-10,10,12,4,2016,Saturday,True
20161211,2016-12-11,11,12,4,2016,Sunday,True
20161212,2016-12-12,12,12,4,2016,Monday,False
20161213,2016-12-13,13,12,4,2016,Tuesday,False
20161214,2016-12-14,14,12,4,2016,Wednesday,False
20161215,2016-12-15,15,12,4,2016,Thursday,False
20161216,2016-12-16,16,12,4,2016,Friday,False
20161217,2016-12-17,17,12,4,2016,Saturday,True
20161218,2016-12-18,18,12,4,2016,Sunday,True
20161219,2016-12-19,19,12,4,2016,Monday,False
20161220,2016-12-20,20,12,4,2016,Tuesday,False
20161221,2016-12-21,21,12,4,2016,Wednesday,False
20161222,2016-12-22,22,12,4,2016,Thursday,False
20161223,2016-12-23,23,12,4,2016,Friday,False
20161224,2016-12-24,24,12,4,2016,Saturday,True
20161225,2016-12-25,25,12,4,2016,Sunday,True
20161226,2016-12-26,26,12,4,2016,Monday,False
20161227,2016-12-27,27,12,4,2016,Tuesday,False
20161228,2016-12-28,28,12,4,2016,Wednesday,False
20161229,2016-12-29,29,12,4,2016,Thursday,False
20161230,2016-12-30,30,12,4,2016,Friday,False
20161231,2016-12-31,31,12,4,2016,Saturday,True
20170101,2017-01-01,1,1,1,2017,Sunday,True
20170102,2017-01-02,2,1,1,2017,Monday,False
20170103,2017-01-03,3,1,1,2017,Tuesday,False
20170104,2017-01-04,4,1,1,2017,Wednesday,False
20170105,2017-01-05,5,1,1,2017,Thursday,False
20170106,2017-01-06,6,1,1,2017,Friday,False
20170107,2017-01-07,7,1,1,2017,Saturday,True
20170108,2017-01-08,8,1,1,2017,Sunday,True
20170109,2017-01-09,9,1,1,2017,Monday,False
20170110,2017-01-10,10,1,1,2017,Tuesday,False
20170111,2017-01-11,11,1,1,2017,Wednesday,False
20170112,2017-01-12,12,1,1,2017,Thursday,False
20170113,2017-01-13,13,1,1,2017,Friday,False
20170114,2017-01-14,14,1,1,2017,Saturday,True
20170115,2017-01-15,15,1,1,2017,Sunday,True
20170116,2017-01-16,16,1,1,2017,Monday,False
20170117,2017-01-17,17,1,1,2017,Tuesday,False
20170118,2017-01-18,18,1,1,2017,Wednesday,False
20170119,2017-01-19,19,1,1,2017,Thursday,False
20170120,2017-01-20,20,1,1,2017,Friday,False
20170121,2017-01-21,21,1,1,2017,Saturday,True
20170122,2017-01-22,22,1,1,2017,Sunday,True
20170123,2017-01-23,23,1,1,2017,Monday,False
20170124,2017-01-24,24,1,1,2017,Tuesday,False
20170125,2017-01-25,25,1,1,2017,Wednesday,False
20170126,2017-01-26,26,1,1,2017,Thursday,False
20170127,2017-01-27,27,1,1,2017,Friday,False
20170128,2017-01-28,28,1,1,2017,Saturday,True
20170129,2017-01-29,29,1,1,2017,Sunday,True
20170130,2017-01-30,30,1,1,2017,Monday,False
20170131,2017-01-31,31,1,1,2017,Tuesday,False
20170201,2017-02-01,1,2,1,2017,Wednesday,False
20170202,2017-02-02,2,2,1,2017,Thursday,False
20170203,2017-02-03,3,2,1,2017,Friday,False
20170204,2017-02-04,4,2,1,2017,Saturday,True
20170205,2017-02-05,5,2,1,2017,Sunday,True
20170206,2017-02-06,6,2,1,2017,Monday,False
20170207,2017-02-07,7,2,1,2017,Tuesday,False
20170208,2017-02-08,8,2,1,2017,Wednesday,False
20170209,2017-02-09,9,2,1,2017,Thursday,False
20170210,2017-02-10,10,2,1,2017,Friday,False
20170211,2017-02-11,11,2,1,2017,Saturday,True
20170212,2017-02-12,12,2,1,2017,Sunday,True
20170213,2017-02-13,13,2,1,2017,Monday,False
20170214,2017-02-14,14,2,1,2017,Tuesday,False
20170215,2017-02-15,15,2,1,2017,Wednesday,False
20170216,2017-02-16,16,2,1,2017,Thursday,False
20170217,2017-02-17,17,2,1,2017,Friday,False
20170218,2017-02-18,18,2,1,2017,Saturday,True
20170219,2017-02-19,19,2,1,2017,Sunday,True
20170220,2017-02-20,20,2,1,2017,Monday,False
20170221,2017-02-21,21,2,1,2017,Tuesday,False
20170222,2017-02-22,22,2,1,2017,Wednesday,False
20170223,2017-02-23,23,2,1,2017,Thursday,False
20170224,2017-02-24,24,2,1,2017,Friday,False
20170225,2017-02-25,25,2,1,2017,Saturday,True
20170226,2017-02-26,26,2,1,2017,Sunday,True
20170227,2017-02-27,27,2,1,2017,Monday,False
20170228,2017-02-28,28,2,1,2017,Tuesday,False
20170301,2017-03-01,1,3,1,2017,Wednesday,False
20170302,2017-03-02,2,3,1,2017,Thursday,False
20170303,2017-03-03,3,3,1,2017,Friday,False
20170304,2017-03-04,4,3,1,2017,Saturday,True
20170305,2017-03-05,5,3,1,2017,Sunday,True
20170306,2017-03-06,6,3,1,2017,Monday,False
20170307,2017-03-07,7,3,1,2017,Tuesday,False
20170308,2017-03-08,8,3,1,2017,Wednesday,False
20170309,2017-03-09,9,3,1,2017,Thursday,False
20170310,2017-03-10,10,3,1,2017,Friday,False
20170311,2017-03-11,11,3,1,2017,Saturday,True
20170312,2017-03-12,12,3,1,2017,Sunday,True
20170313,2017-03-13,13,3,1,2017,Monday,False
20170314,2017-03-14,14,3,1,2017,Tuesday,False
20170315,2017-03-15,15,3,1,2017,Wednesday,False
20170316,2017-03-16,16,3,1,2017,Thursday,False
20170317,2017-03-17,17,3,1,2017,Friday,False
20170318,2017-03-18,18,3,1,2017,Saturday,True
20170319,2017-03-19,19,3,1,2017,Sunday,True
20170320,2017-03-20,20,3,1,2017,Monday,False
20170321,2017-03-21,21,3,1,2017,Tuesday,False
20170322,2017-03-22,22,3,1,2017,Wednesday,False
20170323,2017-03-23,23,3,1,2017,Thursday,False
20170324,2017-03-24,24,3,1,2017,Friday,False
20170325,2017-03-25,25,3,1,2017,Saturday,True
20170326,2017-03-26,26,3,1,2017,Sunday,True
20170327,2017-03-27,27,3,1,2017,Monday,False
20170328,2017-03-28,28,3,1,2017,Tuesday,False
20170329,2017-03-29,29,3,1,2017,Wednesday,False
20170330,2017-03-30,30,3,1,2017,Thursday,False
20170331,2017-03-31,31,3,1,2017,Friday,False
20170401,2017-04-01,1,4,2,2017,Saturday,True
20170402,2017-04-02,2,4,2,2017,Sunday,True
20170403,2017-04-03,3,4,2,2017,Monday,False
20170404,2017-04-04,4,4,2,2017,Tuesday,False
20170405,2017-04-05,5,4,2,2017,Wednesday,False
20170406,2017-04-06,6,4,2,2017,Thursday,False
20170407,2017-04-07,7,4,2,2017,Friday,False
20170408,2017-04-08,8,4,2,2017,Saturday,True
20170409,2017-04-09,9,4,2,2017,Sunday,True
20170410,2017-04-10,10,4,2,2017,Monday,False
20170411,2017-04-11,11,4,2,2017,Tuesday,False
20170412,2017-04-12,12,4,2,2017,Wednesday,False
20170413,2017-04-13,13,4,2,2017,Thursday,False
20170414,2017-04-14,14,4,2,2017,Friday,False
20170415,2017-04-15,15,4,2,2017,Saturday,True
20170416,2017-04-16,16,4,2,2017,Sunday,True
20170417,2017-04-17,17,4,2,2017,Monday,False
20170418,2017-04-18,18,4,2,2017,Tuesday,False
20170419,2017-04-19,19,4,2,2017,Wednesday,False
20170420,2017-04-20,20,4,2,2017,Thursday,False
20170421,2017-04-21,21,4,2,2017,Friday,False
20170422,2017-04-22,22,4,2,2017,Saturday,True
20170423,2017-04-23,23,4,2,2017,Sunday,True
20170424,2017-04-24,24,4,2,2017,Monday,False
20170425,2017-04-25,25,4,2,2017,Tuesday,False
20170426,2017-04-26,26,4,2,2017,Wednesday,False
20170427,2017-04-27,27,4,2,2017,Thursday,False
20170428,2017-04-28,28,4,2,2017,Friday,False
20170429,2017-04-29,29,4,2,2017,Saturday,True
20170430,2017-04-30,30,4,2,2017,Sunday,True
20170501,2017-05-01,1,5,2,2017,Monday,False
20170502,2017-05-02,2,5,2,2017,Tuesday,False
20170503,2017-05-03,3,5,2,2017,Wednesday,False
20170504,2017-05-04,4,5,2,2017,Thursday,False
20170505,2017-05-05,5,5,2,2017,Friday,False
20170506,2017-05-06,6,5,2,2017,Saturday,True
20170507,2017-05-07,7,5,2,2017,Sunday,True
20170508,2017-05-08,8,5,2,2017,Monday,False
20170509,2017-05-09,9,5,2,2017,Tuesday,False
20170510,2017-05-10,10,5,2,2017,Wednesday,False
20170511,2017-05-11,11,5,2,2017,Thursday,False
20170512,2017-05-12,12,5,2,2017,Friday,False
20170513,2017-05-13,13,5,2,2017,Saturday,True
20170514,2017-05-14,14,5,2,2017,Sunday,True
20170515,2017-05-15,15,5,2,2017,Monday,False
20170516,2017-05-16,16,5,2,2017,Tuesday,False
20170517,2017-05-17,17,5,2,2017,Wednesday,False
20170518,2017-05-18,18,5,2,2017,Thursday,False
20170519,2017-05-19,19,5,2,2017,Friday,False
20170520,2017-05-20,20,5,2,2017,Saturday,True
20170521,2017-05-21,21,5,2,2017,Sunday,True
20170522,2017-05-22,22,5,2,2017,Monday,False
20170523,2017-05-23,23,5,2,2017,Tuesday,False
20170524,2017-05-24,24,5,2,2017,Wednesday,False
20170525,2017-05-25,25,5,2,2017,Thursday,False
20170526,2017-05-26,26,5,2,2017,Friday,False
20170527,2017-05-27,27,5,2,2017,Saturday,True
20170528,2017-05-28,28,5,2,2017,Sunday,True
20170529,2017-05-29,29,5,2,2017,Monday,False
20170530,2017-05-30,30,5,2,2017,Tuesday,False
20170531,2017-05-31,31,5,2,2017,Wednesday,False
20170601,2017-06-01,1,6,2,2017,Thursday,False
20170602,2017-06-02,2,6,2,2017,Friday,False
20170603,2017-06-03,3,6,2,2017,Saturday,True
20170604,2017-06-04,4,6,2,2017,Sunday,True
20170605,2017-06-05,5,6,2,2017,Monday,False
20170606,2017-06-06,6,6,2,2017,Tuesday,False
20170607,2017-06-07,7,6,2,2017,Wednesday,False
20170608,2017-06-08,8,6,2,2017,Thursday,False
20170609,2017-06-09,9,6,2,2017,Friday,False
20170610,2017-06-10,10,6,2,2017,Saturday,True
20170611,2017-06-11,11,6,2,2017,Sunday,True
20170612,2017-06-12,12,6,2,2017,Monday,False
20170613,2017-06-13,13,6,2,2017,Tuesday,False
20170614,2017-06-14,14,6,2,2017,Wednesday,False
20170615,2017-06-15,15,6,2,2017,Thursday,False
20170616,2017-06-16,16,6,2,2017,Friday,False
20170617,2017-06-17,17,6,2,2017,Saturday,True
20170618,2017-06-18,18,6,2,2017,Sunday,True
20170619,2017-06-19,19,6,2,2017,Monday,False
20170620,2017-06-20,20,6,2,2017,Tuesday,False
20170621,2017-06-21,21,6,2,2017,Wednesday,False
20170622,2017-06-22,22,6,2,2017,Thursday,False
20170623,2017-06-23,23,6,2,2017,Friday,False
20170624,2017-06-24,24,6,2,2017,Saturday,True
20170625,2017-06-25,25,6,2,2017,Sunday,True
20170626,2017-06-26,26,6,2,2017,Monday,False
20170627,2017-06-27,27,6,2,2017,Tuesday,False
20170628,2017-06-28,28,6,2,2017,Wednesday,False
20170629,2017-06-29,29,6,2,2017,Thursday,False
20170630,2017-06-30,30,6,2,2017,Friday,False
20170701,2017-07-01,1,7,3,2017,Saturday,True
20170702,2017-07-02,2,7,3,2017,Sunday,True
20170703,2017-07-03,3,7,3,2017,Monday,False
20170704,2017-07-04,4,7,3,2017,Tuesday,False
20170705,2017-07-05,5,7,3,2017,Wednesday,False
20170706,2017-07-06,6,7,3,2017,Thursday,False
20170707,2017-07-07,7,7,3,2017,Friday,False
20170708,2017-07-08,8,7,3,2017,Saturday,True
20170709,2017-07-09,9,7,3,2017,Sunday,True
20170710,2017-07-10,10,7,3,2017,Monday,False
20170711,2017-07-11,11,7,3,2017,Tuesday,False
20170712,2017-07-12,12,7,3,2017,Wednesday,False
20170713,2017-07-13,13,7,3,2017,Thursday,False
20170714,2017-07-14,14,7,3,2017,Friday,False
20170715,2017-07-15,15,7,3,2017,Saturday,True
20170716,2017-07-16,16,7,3,2017,Sunday,True
20170717,2017-07-17,17,7,3,2017,Monday,False
20170718,2017-07-18,18,7,3,2017,Tuesday,False
20170719,2017-07-19,19,7,3,2017,Wednesday,False
20170720,2017-07-20,20,7,3,2017,Thursday,False
20170721,2017-07-21,21,7,3,2017,Friday,False
20170722,2017-07-22,22,7,3,2017,Saturday,True
20170723,2017-07-23,23,7,3,2017,Sunday,True
20170724,2017-07-24,24,7,3,2017,Monday,False
20170725,2017-07-25,25,7,3,2017,Tuesday,False
20170726,2017-07-26,26,7,3,2017,Wednesday,False
20170727,2017-07-27,27,7,3,2017,Thursday,False
20170728,2017-07-28,28,7,3,2017,Friday,False
20170729,2017-07-29,29,7,3,2017,Saturday,True
20170730,2017-07-30,30,7,3,2017,Sunday,True
20170731,2017-07-31,31,7,3,2017,Monday,False
20170801,2017-08-01,1,8,3,2017,Tuesday,False
20170802,2017-08-02,2,8,3,2017,Wednesday,False
20170803,2017-08-03,3,8,3,2017,Thursday,False
20170804,2017-08-04,4,8,3,2017,Friday,False
20170805,2017-08-05,5,8,3,2017,Saturday,True
20170806,2017-08-06,6,8,3,2017,Sunday,True
20170807,2017-08-07,7,8,3,2017,Monday,False
20170808,2017-08-08,8,8,3,2017,Tuesday,False
20170809,2017-08-09,9,8,3,2017,Wednesday,False
20170810,2017-08-10,10,8,3,2017,Thursday,False
20170811,2017-08-11,11,8,3,2017,Friday,False
20170812,2017-08-12,12,8,3,2017,Saturday,True
20170813,2017-08-13,13,8,3,2017,Sunday,True
20170814,2017-08-14,14,8,3,2017,Monday,False
20170815,2017-08-15,15,8,3,2017,Tuesday,False
20170816,2017-08-16,16,8,3,2017,Wednesday,False
20170817,2017-08-17,17,8,3,2017,Thursday,False
20170818,2017-08-18,18,8,3,2017,Friday,False
20170819,2017-08-19,19,8,3,2017,Saturday,True
20170820,2017-08-20,20,8,3,2017,Sunday,True
20170821,2017-08-21,21,8,3,2017,Monday,False
20170822,2017-08-22,22,8,3,2017,Tuesday,False
20170823,2017-08-23,23,8,3,2017,Wednesday,False
20170824,2017-08-24,24,8,3,2017,Thursday,False
20170825,2017-08-25,25,8,3,2017,Friday,False
20170826,2017-08-26,26,8,3,2017,Saturday,True
20170827,2017-08-27,27,8,3,2017,Sunday,True
20170828,2017-08-28,28,8,3,2017,Monday,False
20170829,2017-08-29,29,8,3,2017,Tuesday,False
20170830,2017-08-30,30,8,3,2017,Wednesday,False
20170831,2017-08-31,31,8,3,2017,Thursday,False
20170901,2017-09-01,1,9,3,2017,Friday,False
20170902,2017-09-02,2,9,3,2017,Saturday,True
20170903,2017-09-03,3,9,3,2017,Sunday,True
20170904,2017-09-04,4,9,3,2017,Monday,False
20170905,2017-09-05,5,9,3,2017,Tuesday,False
20170906,2017-09-06,6,9,3,2017,Wednesday,False
20170907,2017-09-07,7,9,3,2017,Thursday,False
20170908,2017-09-08,8,9,3,2017,Friday,False
20170909,2017-09-09,9,9,3,2017,Saturday,True
20170910,2017-09-10,10,9,3,2017,Sunday,True
20170911,2017-09-11,11,9,3,2017,Monday,False
20170912,2017-09-12,12,9,3,2017,Tuesday,False
20170913,2017-09-13,13,9,3,2017,Wednesday,False
20170914,2017-09-14,14,9,3,2017,Thursday,False
20170915,2017-09-15,15,9,3,2017,Friday,False
20170916,2017-09-16,16,9,3,2017,Saturday,True
20170917,2017-09-17,17,9,3,2017,Sunday,True
20170918,2017-09-18,18,9,3,2017,Monday,False
20170919,2017-09-19,19,9,3,2017,Tuesday,False
20170920,2017-09-20,20,9,3,2017,Wednesday,False
20170921,2017-09-21,21,9,3,2017,Thursday,False
20170922,2017-09-22,22,9,3,2017,Friday,False
20170923,2017-09-23,23,9,3,2017,Saturday,True
20170924,2017-09-24,24,9,3,2017,Sunday,True
20170925,2017-09-25,25,9,3,2017,Monday,False
20170926,2017-09-26,26,9,3,2017,Tuesday,False
20170927,2017-09-27,27,9,3,2017,Wednesday,False
20170928,2017-09-28,28,9,3,2017,Thursday,False
20170929,2017-09-29,29,9,3,2017,Friday,False
20170930,2017-09-30,30,9,3,2017,Saturday,True
20171001,2017-10-01,1,10,4,2017,Sunday,True
20171002,2017-10-02,2,10,4,2017,Monday,False
20171003,2017-10-03,3,10,4,2017,Tuesday,False
20171004,2017-10-04,4,10,4,2017,Wednesday,False
20171005,2017-10-05,5,10,4,2017,Thursday,False
20171006,2017-10-06,6,10,4,2017,Friday,False
20171007,2017-10-07,7,10,4,2017,Saturday,True
20171008,2017-10-08,8,10,4,2017,Sunday,True
20171009,2017-10-09,9,10,4,2017,Monday,False
20171010,2017-10-10,10,10,4,2017,Tuesday,False
20171011,2017-10-11,11,10,4,2017,Wednesday,False
20171012,2017-10-12,12,10,4,2017,Thursday,False
20171013,2017-10-13,13,10,4,2017,Friday,False
20171014,2017-10-14,14,10,4,2017,Saturday,True
20171015,2017-10-15,15,10,4,2017,Sunday,True
20171016,2017-10-16,16,10,4,2017,Monday,False
20171017,2017-10-17,17,10,4,2017,Tuesday,False
20171018,2017-10-18,18,10,4,2017,Wednesday,False
20171019,2017-10-19,19,10,4,2017,Thursday,False
20171020,2017-10-20,20,10,4,2017,Friday,False
20171021,2017-10-21,21,10,4,2017,Saturday,True
20171022,2017-10-22,22,10,4,2017,Sunday,True
20171023,2017-10-23,23,10,4,2017,Monday,False
20171024,2017-10-24,24,10,4,2017,Tuesday,False
20171025,2017-10-25,25,10,4,2017,Wednesday,False
20171026,2017-10-26,26,10,4,2017,Thursday,False
20171027,2017-10-27,27,10,4,2017,Friday,False
20171028,2017-10-28,28,10,4,2017,Saturday,True
20171029,2017-10-29,29,10,4,2017,Sunday,True
20171030,2017-10-30,30,10,4,2017,Monday,False
20171031,2017-10-31,31,10,4,2017,Tuesday,False
20171101,2017-11-01,1,11,4,2017,Wednesday,False
20171102,2017-11-02,2,11,4,2017,Thursday,False
20171103,2017-11-03,3,11,4,2017,Friday,False
20171104,2017-11-04,4,11,4,2017,Saturday,True
20171105,2017-11-05,5,11,4,2017,Sunday,True
20171106,2017-11-06,6,11,4,2017,Monday,False
20171107,2017-11-07,7,11,4,2017,Tuesday,False
20171108,2017-11-08,8,11,4,2017,Wednesday,False
20171109,2017-11-09,9,11,4,2017,Thursday,False
20171110,2017-11-10,10,11,4,2017,Friday,False
20171111,2017-11-11,11,11,4,2017,Saturday,True
20171112,2017-11-12,12,11,4,2017,Sunday,True
20171113,2017-11-13,13,11,4,2017,Monday,False
20171114,2017-11-14,14,11,4,2017,Tuesday,False
20171115,2017-11-15,15,11,4,2017,Wednesday,False
20171116,2017-11-16,16,11,4,2017,Thursday,False
20171117,2017-11-17,17,11,4,2017,Friday,False
20171118,2017-11-18,18,11,4,2017,Saturday,True
20171119,2017-11-19,19,11,4,2017,Sunday,True
20171120,2017-11-20,20,11,4,2017,Monday,False
20171121,2017-11-21,21,11,4,2017,Tuesday,False
20171122,2017-11-22,22,11,4,2017,Wednesday,False
20171123,2017-11-23,23,11,4,2017,Thursday,False
20171124,2017-11-24,24,11,4,2017,Friday,False
20171125,2017-11-25,25,11,4,2017,Saturday,True
20171126,2017-11-26,26,11,4,2017,Sunday,True
20171127,2017-11-27,27,11,4,2017,Monday,False
20171128,2017-11-28,28,11,4,2017,Tuesday,False
20171129,2017-11-29,29,11,4,2017,Wednesday,False
20171130,2017-11-30,30,11,4,2017,Thursday,False
20171201,2017-12-01,1,12,4,2017,Friday,False
20171202,2017-12-02,2,12,4,2017,Saturday,True
20171203,2017-12-03,3,12,4,2017,Sunday,True
20171204,2017-12-04,4,12,4,2017,Monday,False
20171205,2017-12-05,5,12,4,2017,Tuesday,False
20171206,2017-12-06,6,12,4,2017,Wednesday,False
20171207,2017-12-07,7,12,4,2017,Thursday,False
20171208,2017-12-08,8,12,4,2017,Friday,False
20171209,2017-12-09,9,12,4,2017,Saturday,True
20171210,2017-12-10,10,12,4,2017,Sunday,True
20171211,2017-12-11,11,12,4,2017,Monday,False
20171212,2017-12-12,12,12,4,2017,Tuesday,False
20171213,2017-12-13,13,12,4,2017,Wednesday,False
20171214,2017-12-14,14,12,4,2017,Thursday,False
20171215,2017-12-15,15,12,4,2017,Friday,False
20171216,2017-12-16,16,12,4,2017,Saturday,True
20171217,2017-12-17,17,12,4,2017,Sunday,True
20171218,2017-12-18,18,12,4,2017,Monday,False
20171219,2017-12-19,19,12,4,2017,Tuesday,False
20171220,2017-12-20,20,12,4,2017,Wednesday,False
20171221,2017-12-21,21,12,4,2017,Thursday,False
20171222,2017-12-22,22,12,4,2017,Friday,False
20171223,2017-12-23,23,12,4,2017,Saturday,True
20171224,2017-12-24,24,12,4,2017,Sunday,True
20171225,2017-12-25,25,12,4,2017,Monday,False
20171226,2017-12-26,26,12,4,2017,Tuesday,False
20171227,2017-12-27,27,12,4,2017,Wednesday,False
20171228,2017-12-28,28,12,4,2017,Thursday,False
20171229,2017-12-29,29,12,4,2017,Friday,False
20171230,2017-12-30,30,12,4,2017,Saturday,True
20171231,2017-12-31,31,12,4,2017,Sunday,True
20180101,2018-01-01,1,1,1,2018,Monday,False
20180102,2018-01-02,2,1,1,2018,Tuesday,False
20180103,2018-01-03,3,1,1,2018,Wednesday,False
20180104,2018-01-04,4,1,1,2018,Thursday,False
20180105,2018-01-05,5,1,1,2018,Friday,False
20180106,2018-01-06,6,1,1,2018,Saturday,True
20180107,2018-01-07,7,1,1,2018,Sunday,True
20180108,2018-01-08,8,1,1,2018,Monday,False
20180109,2018-01-09,9,1,1,2018,Tuesday,False
20180110,2018-01-10,10,1,1,2018,Wednesday,False
20180111,2018-01-11,11,1,1,2018,Thursday,False
20180112,2018-01-12,12,1,1,2018,Friday,False
20180113,2018-01-13,13,1,1,2018,Saturday,True
20180114,2018-01-14,14,1,1,2018,Sunday,True
20180115,2018-01-15,15,1,1,2018,Monday,False
20180116,2018-01-16,16,1,1,2018,Tuesday,False
20180117,2018-01-17,17,1,1,2018,Wednesday,False
20180118,2018-01-18,18,1,1,2018,Thursday,False
20180119,2018-01-19,19,1,1,2018,Friday,False
20180120,2018-01-20,20,1,1,2018,Saturday,True
20180121,2018-01-21,21,1,1,2018,Sunday,True
20180122,2018-01-22,22,1,1,2018,Monday,False
20180123,2018-01-23,23,1,1,2018,Tuesday,False
20180124,2018-01-24,24,1,1,2018,Wednesday,False
20180125,2018-01-25,25,1,1,2018,Thursday,False
20180126,2018-01-26,26,1,1,2018,Friday,False
20180127,2018-01-27,27,1,1,2018,Saturday,True
20180128,2018-01-28,28,1,1,2018,Sunday,True
20180129,2018-01-29,29,1,1,2018,Monday,False
20180130,2018-01-30,30,1,1,2018,Tuesday,False
20180131,2018-01-31,31,1,1,2018,Wednesday,False
20180201,2018-02-01,1,2,1,2018,Thursday,False
20180202,2018-02-02,2,2,1,2018,Friday,False
20180203,2018-02-03,3,2,1,2018,Saturday,True
20180204,2018-02-04,4,2,1,2018,Sunday,True
20180205,2018-02-05,5,2,1,2018,Monday,False
20180206,2018-02-06,6,2,1,2018,Tuesday,False
20180207,2018-02-07,7,2,1,2018,Wednesday,False
20180208,2018-02-08,8,2,1,2018,Thursday,False
20180209,2018-02-09,9,2,1,2018,Friday,False
20180210,2018-02-10,10,2,1,2018,Saturday,True
20180211,2018-02-11,11,2,1,2018,Sunday,True
20180212,2018-02-12,12,2,1,2018,Monday,False
20180213,2018-02-13,13,2,1,2018,Tuesday,False
20180214,2018-02-14,14,2,1,2018,Wednesday,False
20180215,2018-02-15,15,2,1,2018,Thursday,False
20180216,2018-02-16,16,2,1,2018,Friday,False
20180217,2018-02-17,17,2,1,2018,Saturday,True
20180218,2018-02-18,18,2,1,2018,Sunday,True
20180219,2018-02-19,19,2,1,2018,Monday,False
20180220,2018-02-20,20,2,1,2018,Tuesday,False
20180221,2018-02-21,21,2,1,2018,Wednesday,False
20180222,2018-02-22,22,2,1,2018,Thursday,False
20180223,2018-02-23,23,2,1,2018,Friday,False
20180224,2018-02-24,24,2,1,2018,Saturday,True
20180225,2018-02-25,25,2,1,2018,Sunday,True
20180226,2018-02-26,26,2,1,2018,Monday,False
20180227,2018-02-27,27,2,1,2018,Tuesday,False
20180228,2018-02-28,28,2,1,2018,Wednesday,False
20180301,2018-03-01,1,3,1,2018,Thursday,False
20180302,2018-03-02,2,3,1,2018,Friday,False
20180303,2018-03-03,3,3,1,2018,Saturday,True
20180304,2018-03-04,4,3,1,2018,Sunday,True
20180305,2018-03-05,5,3,1,2018,Monday,False
20180306,2018-03-06,6,3,1,2018,Tuesday,False
